Country,Count
United States,836
UK,532
Russia,215
Israel,203
Ukraine,168
Japan,134
Australia,125
China,116
Germany,101
Oman,91
India,87
Iraq,79
Canada,76
France,60
Cuba,47
Ireland,42
Romania,36
Brazil,32
Egypt,32
South Africa,30
Indonesia,29
Pakistan,29
Afghanistan,27
Niger,24
Nigeria,23
United Kingdom,23
Sweden,22
Poland,22
New Zealand,22
Spain,21
Netherlands,18
Austria,18
Mali,18
Bangladesh,18
Italy,17
Slovakia,17
Greece,16
Norway,15
Mexico,13
Colombia,12
Albania,12
Chile,12
Kenya,11
Denmark,11
Lebanon,11
Cyprus,10
Sudan,10
Congo,9
Yemen,9
Singapore,9
Algeria,8
Bulgaria,7
Finland,7
Myanmar,7
Switzerland,7
Peru,7
Libya,7
Argentina,6
Belgium,6
Hong Kong,6
Jordan,6
Sri Lanka,6
Ghana,6
Portugal,6
Morocco,5
Georgia,5
Thailand,5
Serbia,5
Estonia,5
Tunisia,5
Ecuador,5
Guatemala,5
South Sudan,5
Uganda,5
Somalia,5
Angola,5
Hungary,5
Türkiye,5
Bosnia and Herzegovina,4
Saudi Arabia,4
Latvia,4
Lithuania,4
Botswana,4
Mozambique,4
Guinea,4
Maldives,3
Cambodia,3
Malaysia,3
Gibraltar,3
Slovenia,3
Zimbabwe,3
Namibia,3
Haiti,3
Kuwait,3
Uruguay,3
Costa Rica,2
Croatia,2
Nepal,2
Mauritius,2
Rwanda,2
Bahamas,2
El Salvador,2
Ethiopia,2
Philippines,2
Armenia,2
Dominica,2
Belarus,2
Cabo Verde,1
Burundi,1
Benin,1
Cameroon,1
Central African Republic,1
North Macedonia,1
Tajikistan,1
Kazakhstan,1
Mongolia,1
Nicaragua,1
Antarctica,1
Comoros,1
Chad,1
Malta,1
Equatorial Guinea,1
Eritrea,1
Dominican Republic,1
Burkina Faso,1
Bhutan,1
Azerbaijan,1
British Indian Ocean Territory,1
Jamaica,1
Paraguay,1
Zambia,1
Togo,1
Sierra Leone,1
Seychelles,1
Senegal,1
Mauritania,1
Madagascar,1
Lesotho,1
Guinea-Bissau,1
Gambia,1
Gabon,1
Eswatini,1
United Arab Emirates,1
